Class Index,Title,Description
0,"AGNICO EAGLE REPORTS FOURTH QUARTER AND FULL YEAR 2022 RESULTS - LARGER ASSET PORTFOLIO DRIVES RECORD ANNUAL GOLD PRODUCTION, OPERATING CASH FLOW AND GLOBAL MINERAL RESERVES; UPDATED THREE YEAR GUIDANCE PROVIDED; 2023 FOCUS ON OPTIMIZING DETOUR LAKE AND CANADIAN MALARTIC AND LEVERAGING EXCESS MILL CAPACITY IN THE ABITIBI REGION TO ADVANCE KEY PIPELINE PROJECTS","Agnico Eagle Mines Limited today reported financial and operating results for the fourth quarter and full year of 2022, as well as future operating guidance."
8,"AGNICO EAGLE REPORTS FOURTH QUARTER AND FULL YEAR 2022 RESULTS - LARGER ASSET PORTFOLIO DRIVES RECORD ANNUAL GOLD PRODUCTION, OPERATING CASH FLOW AND GLOBAL MINERAL RESERVES; UPDATED THREE YEAR GUIDANCE PROVIDED; 2023 FOCUS ON OPTIMIZING DETOUR LAKE AND CANADIAN MALARTIC AND LEVERAGING EXCESS MILL CAPACITY IN THE ABITIBI REGION TO ADVANCE KEY PIPELINE PROJECTS"," Agnico Eagle Mines Limited today reported financial and operating results for the fourth quarter and full year of 2022, as well as future operating guidance."
0,"AGNICO EAGLE REPORTS FOURTH QUARTER AND FULL YEAR 2022 RESULTS - LARGER ASSET PORTFOLIO DRIVES RECORD ANNUAL GOLD PRODUCTION, OPERATING CASH FLOW AND GLOBAL MINERAL RESERVES; UPDATED THREE YEAR GUIDANCE PROVIDED; 2023 FOCUS ON OPTIMIZING DETOUR LAKE AND CANADIAN MALARTIC AND LEVERAGING EXCESS MILL CAPACITY IN THE ABITIBI REGION TO ADVANCE KEY PIPELINE PROJECTS"," Agnico Eagle Mines Limited today reported financial and operating results for the fourth quarter and full year of 2022, as well as future operating guidance."
0,Franco-Nevada Reports Q2 2023 Results,Franco-Nevada Reports Q2 2023 Results
0,Franco-Nevada Reports 2022 Results,Franco-Nevada Reports 2022 Results
0,Alamos Gold Reports Third Quarter 2023 Results,"Alamos Gold Inc. today reported its financial results for the quarter ended September 30, 2023."
8,Barrick On Track to Achieve 2023 Targets," Barrick Gold Corporation (NYSE:GOLD)(TSX:ABX) (“Barrick” or the “Company”) today reported preliminary Q1 sales of 0.95 million ounces of gold and 89 million pounds of copper, as well as preliminary Q1 production of 0.95 million ounces of gold and 88 million pounds of copper. As previously guided, Barrick’s gold production in 2023 is expected to increase through the year with the first quarter being the lowest, while copper production is expected to be higher in the second half of the year. We remain on track to achieve our full year gold and copper guidance1."
0,Newmont Reports Second Quarter 2023 Results; Remains on Track to Achieve Full Year Guidance*; Declares $0.40 Second Quarter Dividend,Newmont Corporation  today announced second quarter 2023 results and declared a second quarter dividend of $0.40 per share.
0,ANGLOGOLD ASHANTI TRADING STATEMENT FOR THE SIX MONTHS ENDED 30 JUNE 2023,AngloGold Ashanti will release results for the six months ended 30 June 2023 (the “Period”) on the Johannesburg Stock Exchange News Service on 4 August 2023.
0,Pan American Silver Provides Notice of Second Quarter 2023 Unaudited Results and Conference Call,"Pan American Silver Corp.will release its unaudited results for the second quarter of 2023 (“Q2 2023”) after market close on Wednesday, August 9, 2023. A conference call and webcast is planned for 11:00 am ET (8:00 am PT) on August 10, 2023."
0,Kinross reports strong 2023 second-quarter results," Kinross Gold Corporation  today announced its results for the second-quarter ended June 30, 2023."
0,Alamos Gold Provides Notice of Fourth Quarter and Year-End 2022 Results and Conference Call,"Alamos Gold Inc. plans to release its fourth quarter and year-end 2022 financial results after market close on Wednesday, February 22, 2023. Senior management will host a conference call on Thursday, February 23, 2023 at 11:00 am ET to discuss the results."
0,Alamos Gold Reports Second Quarter 2023 Results,"Alamos Gold Inc. (TSX:AGI; NYSE:AGI) (“Alamos” or the “Company”) today reported its financial results for the quarter ended June 30, 2023."
0,"Kinross to announce Q3 results on November 8, 2023"," Kinross Gold Corporation (TSX:K; NYSE:KGC) will release its financial statements and operating results for the third quarter of 2023 on Wednesday, November 8, 2023, after market close. On Thursday, November 9, 2023, at 8:00 a.m. ET Kinross will hold a conference call and audio webcast to discuss the results, followed by a question-and-answer session."
2,Franco-Nevada Declares Dividend Increase and Provides Details for Upcoming Release of 2022 Results,"Franco-Nevada Corporation (“Franco-Nevada” or the “Company”) is pleased to announce that its Board of Directors has raised its quarterly dividend and declared a quarterly dividend of US$0.34 per share payable on March 30, 2023 to shareholders of record on March 16, 2023 (the “Record Date”). The increased dividend will be effective for the full 2023 fiscal year. This is a 6.25% increase from the previous US$0.32 per share quarterly dividend and marks the 16th consecutive annual increase for Franco-Nevada shareholders. Canadian investors in Franco-Nevada’s IPO in December 2007 are now receiving an effective 12.2% yield on their cost base. The dividend has been declared in U.S. dollars and the Canadian dollar equivalent will be determined based on the daily average rate posted by the Bank of Canada on the Record Date. Under Canadian tax legislation, Canadian resident individuals who receive “eligible dividends” are entitled to an enhanced gross-up and dividend tax credit on such dividends."
0,Newmont Achieves 2022 Guidance; Provides Stable 2023 and Improving Longer-Term Outlook; Declares $0.40 Fourth Quarter Dividend,"newmont release its 2022 Q4 and full year results on Wednesday, February 15, 2023. "
0,AGNICO EAGLE PROVIDES NOTICE OF RELEASE OF SECOND QUARTER 2023 RESULTS AND CONFERENCE CALL,"Agnico Eagle Mines Limited today announced that it will release its second quarter 2023 results on Wednesday, July 26, 2023, after normal trading hours."
0,"Kinross to announce 2022 Q4/full-year results and 2023 guidance on February 15, 2023","Kinross Gold Corporation (TSX:K; NYSE:KGC) (the “Company”) will release its 2022 fourth-quarter and full-year financial statements and operating results on Wednesday, February 15, 2023, after market close. The Company will also provide its full-year 2023 guidance, mineral reserve, and mineral resource statement as of December 31, 2022, and an exploration and project update. Kinross will hold a conference call and audio webcast on Thursday, February 16, 2023, at 8 a.m. ET to present the results, followed by a question-and-answer session."
0,"Newmont Delivers on First Quarter 2023 Expectations, Remains on Track to Achieve Full Year Guidance; Declares $0.40 First Quarter Dividend"," Newmont Corporation (NYSE: NEM, TSX: NGT) (Newmont or the Company) today announced first quarter 2023 results and declared a first quarter dividend of $0.40 per share."
0,Notice of Release of Second Quarter 2023 Results,"Barrick will release its Q2 2023 results on Tuesday, August 8, 2023. "
0,Newmont Announces First Quarter 2023 Earnings Call," Newmont Corporation  today announced that it will release its first quarter 2023 operations and financial results, on Thursday, April 27, 2023. Newmont will hold a conference call at 10 a.m. Eastern Standard Time (8:00 a.m. Mountain Standard Time) the same day, which will be available on the Company’s website"
8,Wheaton Precious Metals Announces 2022 Production and Sales Results and Forecasts Over 30% Long-Term Growth,Wheaton Precious Metals Announces 2022 Production and Sales Results and Forecasts Over 30% Long-Term Growth
0,AGNICO EAGLE REPORTS SECOND QUARTER 2023 RESULTS - RECORD QUARTERLY GOLD PRODUCTION AND SOLID COST PERFORMANCE DRIVE STRONG QUARTERLY EARNINGS AND OPERATING CASH FLOW; WELL POSITIONED TO ACHIEVE ANNUAL PRODUCTION AND COST GUIDANCE, Agnico Eagle Mines Limited  today reported financial and operating results for the second quarter of 2023.
0,"Kinross to announce Q2 results on August 2, 2023"," Kinross Gold Corporation (TSX:K; NYSE:KGC) will release its financial statements and operating results for the second quarter of 2023 on Wednesday, August 2, 2023, after market close. On Thursday, August 3, 2023, at 8:00 a.m. ET Kinross will hold a conference call and audio webcast to discuss the results, followed by a question-and-answer session. The call-in numbers are as follows:"
0,Notice of Release of Fourth Quarter and Full Year 2022 Results,"Barrick will release its 2022 Q4 and full year results on Wednesday, February 15, 2023. "
0,"Wheaton Precious Metals to Release 2023 First Quarter Results on May 4, 2023","Wheaton Precious Metals™ Corp. will release its 2023 first quarter results on Thursday, May 4, 2023, after market close. "
0,Kinross reports 2022 fourth-quarter and full-year results," Kinross Gold Corporation (TSX: K, NYSE: KGC) (“Kinross” or the “Company”) today announced its results for the fourth-quarter and year ended December 31, 2022."
0,"Alamos Gold Provides Notice of First Quarter 2023 Results and Conference Call, and Annual Meeting of Shareholders","Alamos Gold Inc. (TSX:AGI; NYSE:AGI) (“Alamos” or the “Company”) plans to release its first quarter 2023 financial results after market close on Wednesday, April 26, 2023. Senior management will host a conference call on Thursday, April 27, 2023 at 11:00 am ET to discuss the results. The Company will hold its 2023 Annual Meeting of Shareholders (the “Annual Meeting”) on Thursday, May 25, 2023"
0,"Kinross to announce Q1 results on May 9, 2023","TORONTO, April 04, 2023 (GLOBE NEWSWIRE) -- Kinross Gold Corporation (TSX:K; NYSE:KGC) will release its financial statements and operating results for the first quarter of 2023 on Tuesday, May 9, 2023, after market close. On Wednesday, May 10, 2023, at 7:45 a.m. EDT Kinross will hold a conference call and audio webcast to discuss the results, followed by a question-and-answer session. "
0,Trading statement and operating update for six months ended 31 December 2022,"Johannesburg, Thursday, 23 February 2023. In terms of paragraph 3.4(b) of the Listings Requirements of the JSE Limited (“JSE”), a company listed on the JSE is required to publish a trading statement as soon as they are satisfied that a reasonable degree of certainty exists that the financial results for the period to be reported upon next – being its interim results for the six months ended 31 December 2022 (“H1FY23”) – will differ by at least 20% from the financial results for the comparable six months ended 31 December 2021 (“the previous comparable period” and/or “H1FY22”)."
0,"Pan American Silver reports second quarter 2023 results, demonstrating the transformative impact of the Yamana acquisition"," Pan American Silver Corp. (NYSE: PAAS) (TSX: PAAS) (“Pan American” or the “Company”) today reported unaudited results for the quarter ended June 30, 2023 (“Q2 2023”), inclusive of the assets acquired through the Yamana Gold Inc. (“Yamana”) transaction, which closed on March 31, 2023."
0,Pan American Silver to Announce First Quarter 2023 Unaudited Results and Host Annual General and Special Meeting of Shareholders on May 10," Pan American Silver Corp. (NYSE: PAAS) (TSX: PAAS) (“Pan American“) will announce its unaudited results for the first quarter of 2023 after market close on Wednesday, May 10, 2023. Pan American will also be holding its Annual General and Special Meeting of shareholders (the “Shareholders Meeting”) the same day at 6:00 pm ET (3:00 pm PT)."
0,AGNICO EAGLE REPORTS THIRD QUARTER 2023 RESULTS - SOLID QUARTERLY GOLD PRODUCTION AND COST PERFORMANCE; WELL POSITIONED TO ACHIEVE ANNUAL COST GUIDANCE AND GOLD PRODUCTION ABOVE THE MID-POINT OF ANNUAL GUIDANCE,"TORONTO, Oct. 25, 2023 /CNW/ - Agnico Eagle Mines Limited (NYSE: AEM) (TSX: AEM) (""Agnico Eagle"" or the ""Company"") today reported financial and operating results for the third quarter of 2023."
0,Franco-Nevada To Release First Quarter 2023 Results,Franco-Nevada today announced it will report its first quarter 2023 results
0,Alamos Gold Reports Record Fourth Quarter 2022 Production and Provides Three-Year Production and Operating Guidance,Alamos Gold Inc. (TSX:AGI; NYSE:AGI) (“Alamos” or the “Company”) today reported fourth quarter and annual 2022 production. The Company also provided updated three-year production and operating guidance.
0,Newmont Announces Third Quarter 2023 Earnings Call,"Newmont Corporation (NYSE: NEM, TSX: NGT) today announced that it will release its third quarter 2023 operations and financial results on Thursday, October 26, 2023. Newmont will hold a conference call at 10 a.m. Eastern Daylight Time (8:00 a.m. Mountain Daylight Time), the same day, which will be available on the Company’s website"
0,AGNICO EAGLE PROVIDES NOTICE OF RELEASE OF THIRD QUARTER 2023 RESULTS AND CONFERENCE CALL,"Agnico Eagle Mines Limited (NYSE: AEM) (TSX: AEM) (""AgnicoEagle"" or the ""Company"") today announced that it will release its third quarter 2023 results on Wednesday, October 25, 2023, after normal trading hours."
0,Newmont Reports Third Quarter 2023 Results and Declares $0.40 Dividend; Remains on Track to Close the Pending Acquisition of Newcrest," Newmont Corporation (NYSE: NEM, TSX: NGT) (Newmont or the Company) today announced third quarter 2023 results and declared a third quarter dividend of $0.40 per share."
0,Kinross reports 2023 first-quarter results,"TORONTO, May 09, 2023 (GLOBE NEWSWIRE) -- Kinross Gold Corporation (TSX: K, NYSE: KGC) (“Kinross” or the “Company”) today announced its results for the first-quarter ended March 31, 2023."
0,AngloGold Ashanti announces unaudited quarterly results for the three months ended 31 March 2023,"Johannesburg, 23 June 2023 - AngloGold Ashanti released detailed unaudited quarterly results for the three months ended 31 March 2023. These results should be read in conjunction with the Company’s Market Update Report for the quarter ended 31 March 2023 published on 12 May 2023."
0,ENDEAVOUR ACHIEVES TOP END OF FY-2022 GUIDANCE; ANNOUNCES H2-2022 DIVIDEND OF $100M,"StFY-2023 production guidance of 1,325-1,425koz at an industry leading AISC of $940-995/ozrong Q4-2022 production of 355koz, up 4% over Q3-2022, while AISC remained stable at ~$954/oz. FY-2022 production of 1,400koz at an AISC of ~$928/oz, marking 10th consecutive year of achieving or beating guidance"
0,AGNICO EAGLE REPORTS FIRST QUARTER 2023 RESULTS - STRONG OPERATIONAL RESULTS WITH RECORD SAFETY PERFORMANCE; OPTIMIZATION ACTIVITIES PROGRESSING WELL IN THE ABITIBI GOLD BELT; 2022 SUSTAINABILITY REPORT RELEASED; YAMANA TRANSACTION AND SAN NICOLAS JOINT VENTURE TRANSACTION CLOSED,"TORONTO, April 27, 2023 /CNW/ - Agnico Eagle Mines Limited (NYSE: AEM) (TSX: AEM) (""Agnico Eagle"" or the ""Company"") today reported financial and operating results for the first quarter of 2023."
0,Barrick Set for Strong Finish to the Year,"Barrick Gold Corporation (NYSE:GOLD)(TSX:ABX) today reported preliminary Q3 sales of 1.03 million ounces of gold and 101 million pounds of copper, as well as preliminary Q3 production of 1.04 million ounces of gold and 112 million pounds of copper. Q3 production was higher than Q2, although lower than previous plans for the quarter, especially at Pueblo Viejo where equipment design deficiencies contributed to the delayed ramp up of the expansion project. We continue to expect a significant increase in fourth quarter production volume."
0,AGNICO EAGLE PROVIDES NOTICE OF RELEASE OF FOURTH QUARTER AND FULL YEAR 2022 RESULTS AND CONFERENCE CALL,"TORONTO, Jan. 16, 2023 /CNW/ - Agnico Eagle Mines Limited (NYSE: AEM) (TSX: AEM) (""AgnicoEagle"" or the ""Company"") today announced that it will release its fourth quarter and full year 2022 results on Thursday, February 16, 2023, after normal trading hours."
0,Wheaton Precious Metals Generates Strong Cash Operating Margins in 2022,"Wheaton's portfolio of long-life, low-cost assets delivered over $1 billion in revenue and over $740 million in operating cash flow in 2022. This strong financial performance reflects the resiliency of Wheaton's streaming business model, which delivers amongst the highest margins in the precious metals space. "
0,Alamos Gold Reports First Quarter 2023 Results,"Alamos Gold Inc. today reported its financial results for the quarter ended March 31, 2023."
0,Notice of Release of Barrick’s Third Quarter 2023 Results,"Barrick Gold Corporation (NYSE:GOLD)(TSX:ABX) will release its Q3 2023 results on Thursday, November 2, 2023."
0,Stronger Q2 Puts Barrick On Track to Achieve 2023 Targets,"Barrick will release its Q2 2023 results on Tuesday, August 8, 2023. President and CEO Mark Bristow will host a live presentation of the results that day at 11:00 EDT, with an interactive webinar linked to a conference call. Participants will be able to ask questions."
0,Wheaton Precious Metals Announces Solid Start to 2023,"Wheaton's high-quality portfolio of long-life, low-cost assets delivered a solid performance to start the year, resulting in revenue of $214 million and robust cash operating margins,"" said Randy Smallwood, President and Chief Executive Officer of Wheaton Precious Metals. "
0,Pan American Silver reports audited financial results for 2022,"Pan American Silver Corp. reports fourth quarter (“Q4 2022”) financial results and audited financial results for the year ended December 31, 2022 (“FY 2022”)."
8,Operational update for the nine months ended 31 March 2023 (9M FY23),"South Africa total LTIFR# at 5.55, trending below 6.00 for six consecutive quarters. Phase 1 of 30MW renewable solar power to be commissioned before the end of FY23. 11% increase in gold revenue to R33 982 million (US$1 946 million) from R30 669 million (US$2 033 million). 49% increase in group operating free cash flow to R3 237 million (US$186 million) from R2 174 million (US$144 million)"
1,AGNICO EAGLE ANNOUNCES RENEWAL OF NORMAL COURSE ISSUER BID,"Agnico Eagle Mines Limited  announced today that further to its news release dated April 27, 2023, it has received approval from the Toronto Stock Exchange (the ""TSX"") of Agnico Eagle's notice of intention to renew its normal course issuer bid (the ""NCIB"")."
6,Glencore to buy Pan American's Argentine copper mine stake for $475 million,"opens new tab on Monday agreed to buy Canadian miner Pan American Silver Corp's (PAAS.TO), opens new tab majority stake in an Argentine copper project for $475 million, as the Swiss commodities giant bulks up red metal that is expected to play a crucial role in the transition to greener economy."
1,Harmony moves one significant step closer to securing the special mining lease for its tier 1 copper-gold project in Papua New Guinea, Harmony moves one significant step closer to securing the special mining lease for its tier 1 copper-gold project in Papua New Guinea
1,Newmont Completes Sale of Triple Flag Shares,"Newmont Corporation (NYSE: NEM, TSX: NGT) today announced it completed the sale of its common shares of Triple Flag Precious Metal Corp. (Triple Flag) on the open market for $179 million in net proceeds, after tax. The monetization of Triple Flag’s shares further streamlines and optimizes Newmont’s equity portfolio, while generating cash for the business at fair value."
1,Newmont Assigned Stable A- Rating from Fitch,Rating Reflects Strong and Flexible Financial Position to Create Lasting Value for Shareholders
2,Alamos Gold Declares Quarterly Dividend," Alamos Gold Inc. today announced that the Company’s Board of Directors has declared a quarterly dividend of US$0.025 per common share. The Company has paid dividends for 14 consecutive years during which time $304 million has been returned to shareholders through dividends and share buybacks, including $20 million thus far in 2023."
2,Alamos Gold Declares Quarterly Dividend,"Alamos Gold Inc today announced that the Company’s Board of Directors has declared a quarterly dividend of US$0.025 per common share. The Company has paid dividends for 14 consecutive years during which time $314 million has been returned to shareholders through dividends and share buybacks, including $30 million thus far in 2023."
2,Kinross declares quarterly dividend,Kinross Gold Corporation (TSX:K; NYSE:KGC) (the “Company”) today announced that the Company’s Board of Directors has declared a dividend of US$0.03 per common share for the fourth quarter of 2022.
2,Wheaton Precious Metals Declares Quarterly Dividend,"Wheaton Precious Metals™ Corp. (""Wheaton"" or the ""Company"") is pleased to announce that its Board of Directors has declared its first quarterly cash dividend payment for 2023 of US$0.15 per common share."
2,Alamos Gold Declares Quarterly Dividend,"Alamos Gold Inc. (TSX:AGI; NYSE:AGI) (“Alamos” or the “Company”) today announced that the Company’s Board of Directors has declared a quarterly dividend of US$0.025 per common share. The Company has paid dividends for 14 consecutive years during which time $324 million has been returned to shareholders through dividends and share buybacks, including $40 million thus far in 2023."
2,Wheaton Precious Metals Declares Quarterly Dividend,"Wheaton Precious Metals™ Corp. (""Wheaton"" or the ""Company"") is pleased to announce that its Board of Directors has declared its second quarterly cash dividend payment for 2023 of US$0.15 per common share."
2,Alamos Gold Declares Quarterly Dividend,"Alamos Gold Inc. (TSX:AGI; NYSE:AGI) (“Alamos” or the “Company”) today announced that the Company’s Board of Directors has declared a quarterly dividend of US$0.025 per common share. The Company has paid dividends for 14 consecutive years during which time $294 million has been returned to shareholders through dividends and share buybacks, including $47 million in 2022."
2,Kinross declares quarterly dividend,"TORONTO, May 09, 2023 (GLOBE NEWSWIRE) -- Kinross Gold Corporation (TSX:K; NYSE:KGC) (the “Company”) today announced that the Company’s Board of Directors has declared a dividend of US$0.03 per common share for the first quarter of 2023."
2,Barrick Declares Q2 Dividend, Barrick Gold Corporation (NYSE:GOLD)(TSX:ABX) today announced the declaration of a dividend of $0.10 per share for the second quarter of 2023. The dividend is consistent with the Company’s Performance Dividend Policy announced at the start of 2022.
2,Wheaton Precious Metals Declares Quarterly Dividend,"Wheaton Precious Metals™ Corp. (""Wheaton"" or the ""Company"") is pleased to announce that its Board of Directors has declared its third quarterly cash dividend payment for 2023 of US$0.15 per common share."
2,Newmont Reports Second Quarter 2023 Results; Remains on Track to Achieve Full Year Guidance*; Declares $0.40 Second Quarter Dividend," Newmont Corporation (NYSE: NEM, TSX: NGT) (Newmont or the Company) today announced second quarter 2023 results and declared a second quarter dividend of $0.40 per share."
2,"Newmont Delivers on First Quarter 2023 Expectations, Remains on Track to Achieve Full Year Guidance; Declares $0.40 First Quarter Dividend","Newmont Corporation (NYSE: NEM, TSX: NGT) (Newmont or the Company) today announced first quarter 2023 results and declared a first quarter dividend of $0.40 per share."
2,Franco-Nevada Declares Dividend Increase and Provides Details for Upcoming Release of 2022 Results,"Franco-Nevada Corporation (“Franco-Nevada” or the “Company”) is pleased to announce that its Board of Directors has raised its quarterly dividend and declared a quarterly dividend of US$0.34 per share payable on March 30, 2023 to shareholders of record on March 16, 2023 (the “Record Date”). The increased dividend will be effective for the full 2023 fiscal year. This is a 6.25% increase from the previous US$0.32 per share quarterly dividend and marks the 16th consecutive annual increase for Franco-Nevada shareholders. Canadian investors in Franco-Nevada’s IPO in December 2007 are now receiving an effective 12.2% yield on their cost base. The dividend has been declared in U.S. dollars and the Canadian dollar equivalent will be determined based on the daily average rate posted by the Bank of Canada on the Record Date. Under Canadian tax legislation, Canadian resident individuals who receive “eligible dividends” are entitled to an enhanced gross-up and dividend tax credit on such dividends."
2,Newmont Reports Third Quarter 2023 Results and Declares $0.40 Dividend; Remains on Track to Close the Pending Acquisition of Newcrest," Newmont Corporation (NYSE: NEM, TSX: NGT) (Newmont or the Company) today announced third quarter 2023 results and declared a third quarter dividend of $0.40 per share."
2,Barrick Declares Q1 Dividend,Barrick Gold Corporation (NYSE:GOLD)(TSX:ABX) today announced the declaration of a dividend of $0.10 per share for the first quarter of 2023. The dividend is consistent with the Company’s Performance Dividend Policy announced at the start of 2022
4,"Alamos Gold Continues to Extend High-Grade Gold Mineralization at Island Gold, Including within Hanging Wall and Footwall Zones in Proximity to Existing Infrastructure","Alamos Gold Inc. (TSX:AGI; NYSE:AGI) (“Alamos” or the “Company”) today reported new results from underground exploration drilling at the Island Gold mine, further extending high-grade gold mineralization across the Island Gold Deposit. This included multiple significant high-grade intercepts within several recently defined hanging wall and footwall structures in proximity to existing underground infrastructure. All reported drill widths are true width of the mineralized zones, unless otherwise stated."
4,"Alamos Gold Continues to Extend High-Grade Gold Mineralization Beyond Mineral Reserves and Resources at Puerto Del Aire, and Provides Regional Exploration Update at Mulatos","Alamos Gold Inc. (TSX:AGI; NYSE:AGI) (“Alamos” or the “Company”) today reported new results from ongoing surface exploration drilling within the Mulatos District. This included further extending high-grade gold mineralization outside of Mineral Reserves and Resources at Puerto Del Aire (“PDA”), a higher-grade underground deposit adjacent to the Mulatos pit. Additionally, gold mineralization was intersected over a wide interval at the Capulin target, located two-kilometres east of the former San Carlos open pit."
4,"Alamos Gold Reports One of the Best Holes Drilled to Date at Puerto Del Aire (33.40 g/t Au (11.48 g/t cut) over 25.95 m true width), Further Extending High-Grade Gold Mineralization Beyond Mineral Reserves and Resources"," Alamos Gold Inc. (TSX:AGI; NYSE:AGI) (“Alamos” or the “Company”) today reported new results from ongoing surface exploration drilling at Puerto Del Aire (“PDA”), further extending high-grade gold mineralization outside of Mineral Reserves and Resources. PDA is a higher-grade underground deposit, adjacent to the main Mulatos pit, and is comprised of five zones including PDA1, PDA2, Gap, Victor and Estrella. All reported composite widths are estimated true width of the mineralized zones."
4,"As Loulo-Gounkoto Sustains a Strong Performance, Barrick Hunts for New Discoveries in the Region","As Loulo-Gounkoto Sustains a Strong Performance, Barrick Hunts for New Discoveries in the Region"
4,Kinross announces robust initial mineral resource of 2.7 Moz. indicated and 2.3 Moz. inferred for Great Bear project,"TORONTO, Feb. 13, 2023 (GLOBE NEWSWIRE) -- Kinross Gold Corporation (TSX: K, NYSE: KGC) (“Kinross” or the “Company”) is pleased to announce an initial mineral resource estimate for its 100% owned Great Bear project located in Ontario, Canada."
4,Excellent recovered grades at Harmony’s South African underground mines boost second-quarter production,"Johannesburg, 1 February 2023. Harmony is pleased to announce that total gold production for the six-month period ended 31 December 2022 of financial year 2023 (“H1FY23”) was between 720 000 ounces (22 394kg) and 745 000 ounces (23 171kg)."
4,Successful Exploration Continues to Extend Tongon’s Life of Mine,"Originally scheduled for closure in 2020, the life of Barrick’s Tongon gold mine continues to be extended through successful exploration campaigns."
4,Alamos Gold Reports Mineral Reserves and Resources for the Year-Ended 2022,Alamos Gold Reports Mineral Reserves and Resources for the Year-Ended 2022
6,AGNICO EAGLE COMPLETES ACQUISITION OF YAMANA'S CANADIAN ASSETS,"Agnico Eagle Mines Limited  is pleased to announce the successful completion of the previously announced plan of arrangement (the ""Arrangement"") pursuant to which Agnico Eagle has acquired certain subsidiaries and partnerships which hold Yamana Gold Inc.'s (""Yamana"") interests in its Canadian assets, including the Canadian Malartic mine.  As part of the Arrangement, Pan American Silver Corp. has acquired all the issued and outstanding common shares of Yamana."
6,Gold Fields and AngloGold Ashanti propose Ghana JV to create Africa’s largest gold mine, Gold Fields and AngloGold Ashanti (“The Parties”) have agreed the key terms of a proposed joint venture in Ghana between Gold Fields’ Tarkwa and AngloGold Ashanti’s neighbouring Iduapriem mines (the “Proposed Joint Venture”).
6,Newmont Enters into Definitive Agreement to Acquire Newcrest,"Newmont has agreed to acquire Newcrest by way of an Australian Scheme of Arrangement (“Scheme”), under which Newmont will acquire 100 percent of the issued shares in Newcrest Mining Limited (“Newcrest”).Newcrest shareholders to receive 0.400 Newmont shares (or 0.400 Newmont CDI1) for each Newcrest share and a special dividend of up to $1.10 per share paid by Newcrest, representing a 30.4 percent premium2"
10,"Twiga Partnership Shows the Transformative Impact of Mining, Says Barrick","Barrick Gold Corporation and the Tanzanian government are demonstrating how mining can be an enormous force for good when miners and their host governments work together to create sustainable value for all stakeholders, says president and chief executive Mark Bristow."
11,Alamos Gold Announces Significant Permitting Milestones at Lynn Lake Gold Project,"Alamos Gold Inc.today announced that the federal Environmental Impact Assessment (“EIS”) for the Lynn Lake Gold Project (“Lynn Lake”) has been completed and a positive Decision Statement has been issued by the Minister of Environment and Climate Change Canada. As well, in accordance with the Environment Act, the Province of Manitoba has issued Environment Act Licenses for the MacLellan and Gordon sites."
6,AGNICO EAGLE ANNOUNCES INVESTMENT IN CANADA NICKEL COMPANY INC.," Agnico Eagle Mines Limited (NYSE: AEM) (TSX: AEM) (""Agnico Eagle"") announced today that it acquired 19,600,000 units (""Units"") of Canada Nickel Company Inc. (TSXV: CNC) (""Canada Nickel"") at a price of $1.18 per Unit for total consideration of approximately $23,128,000 from several sellers that acquired the Units in connection with an offering of flow-through Units by Canada Nickel (the ""Share Purchases""). "
6,Glencore to buy Pan American's Argentine copper mine stake for $475 million,"Glencore (GLEN.L), opens new tab on Monday agreed to buy Canadian miner Pan American Silver Corp's (PAAS.TO), opens new tab majority stake in an Argentine copper project for $475 million, as the Swiss commodities giant bulks up red metal that is expected to play a crucial role in the transition to greener economy."
6,Wheaton Precious Metals Announces the Acquisition of a Gold Stream from Lumina Gold's Cangrejos Project,"VANCOUVER, BC, May 16, 2023 /CNW/ - Wheaton Precious Metals™ Corp. (""Wheaton"" or the ""Company"") is pleased to announce that its wholly-owned subsidiary, Wheaton Precious Metals International Ltd. (""Wheaton International"") has entered into a definitive Precious Metal Purchase Agreement (the ""Gold Stream"") with Lumina Gold Corp. (""Lumina"") (TSXV: LUM) in respect to its 100% owned Cangrejos gold-copper project located in El Oro Province, Ecuador (the ""Project"" or ""Cangrejos""). Cangrejos is forecast to be a high-margin mine in the lowest half of the cost curve with a 26-year mine life1."
6,Alamos Gold Announces Acquisition of Manitou Gold More Than Tripling Land Package Adjacent to Island Gold Mine,"Alamos Gold Inc. (TSX:AGI; NYSE:AGI) (“Alamos” or the “Company”) is pleased to announce that it has entered into a definitive agreement (the “Agreement”) pursuant to which Alamos will acquire all of the issued and outstanding shares of Manitou Gold Inc. (TSX:MTU) (“Manitou”) by way of a court-approved plan of arrangement (the “Transaction”). The acquisition will consolidate Alamos’ existing ownership of Manitou shares and increase its regional land package around Island Gold with the addition of the Goudreau Property. This includes 40,000 hectares (“ha”) adjacent to and along strike from the Island Gold Mine, adding significant exploration potential across the relatively underexplored Michipicoten Greenstone Belt (see Figure 1). This is expected to increase Alamos’ land package around the Island Gold Deposit to 55,277 ha, a 267% increase."
6,"Newmont Acquires Newcrest, Successfully Creating World’s Leading Gold Mining Business","Newmont Corporation (NYSE: NEM, TSX: NGT, ASX: NEM, PNGX: NEM) today announced it has completed the acquisition of Newcrest Mining Limited to create the world’s leading gold company with robust copper production."
6,Goldrush Mine Gets Go-Ahead,"The US Bureau of Land Management has issued a Record of Decision (“ROD”) approving Nevada Gold Mines’ (“NGM”) plan of operations for its new Goldrush underground mine at the Cortez Complex near Beowawe, Nevada. The long-life mine is expected to start ramping up production in 2024 after the commissioning of the initial project infrastructure and is forecast to produce 130,000 ounces in 2024 and grow to approximately 400,000 ounces per annum by 2028 (100% basis)1."
6,"Wheaton Precious Metals Announces the Acquisition of Existing Streams from Orion Mine Finance Including the Platreef and Kudz Ze Kayah Projects, and Enters into a New Stream on the Curraghinalt Project","Wheaton Precious Metals™ Corp. (""Wheaton"" or the ""Company"") is pleased to announce Wheaton and its wholly-owned subsidiary, Wheaton Precious Metals International Ltd. (""Wheaton International"") have entered into a definitive agreement with certain entities advised by Orion Resource Partners (""Orion"") to acquire existing streams in respect of Ivanhoe Mines' Platreef Project (the ""Platreef Streams"") and BMC Minerals' Kudz Ze Kayah Project (the ""Kudz Ze Kayah Streams""). In addition, Wheaton International has entered into a new precious metals purchase agreement for a gold stream in respect of Dalradian Gold's Curraghinalt Project (the ""Curraghinalt Stream"")."
6,Mali gold exports rise 8.4% in 2022,"Mali is one of Africa's top gold producers and home to industrial mines operated by companies including Barrick Gold (ABX.TO), opens new tab, B2Gold Corp (BTO.TO), opens new tab, Resolute Mining (RSG.AX), opens new tab, AngloGold Ashanti (ANGJ.J), opens new tab and Hummingbird Resources (HUMR.L)"
6,Barrick Gold to invest nearly $2 bln in Zambia mine to raise copper output,"Barrick Gold (ABX.TO), opens new tab said on Wednesday it would invest nearly $2 billion as part of a project to increase copper production at its Lumwana mine in Zambia."
6,Barrick rules out rival bid for Australia's Newcrest - Bloomberg," Barrick Gold (ABX.TO), opens new tab has ruled out a counterbid for number-one Australian gold producer Newcrest Mining (NCM.AX), opens new tab, its chief executive told Bloomberg, eliminating what had seemed to be the most likely prospect of a rival to bidder Newmont (NEM.N)"
6,Ivory Coast 2022 gold output up 14% to record high,"Ivory Coast produced a record high of about 48 tonnes of gold in 2022, up 14% from the previous year, a document from the Ministry of Mines, Petrol and Energy showed. Ivory Coast, the world's top cocoa producer, is seeking to develop its long-neglected mining sector to diversify its revenue. Gold output has been climbing steadily for several years and is expected to reach 50 tonnes this year with the start of production from two mines belonging to Roxgold, owned by Fortuna (FVI.TO), opens new tab and Tietto Minerals (TIE.AX), opens new tab, according to the document seen by Reuters on Wednesday. Production is expected to reach 55 tonnes in 2024, when a new mine from Endeavour (EDV.L), opens new tab starts operating, it said. Other big gold mining companies operating in Ivory Coast include Barrick Gold (ABX.TO), opens new tab and Perseus Mining (PRU.AX), opens new tab."
6,Kinross announces ownership of shares of Allegiant Gold,"Kinross Gold Corporation announced today that it has acquired deemed beneficial ownership of 5,018,017 common shares of Allegiant Gold Ltd. "
6,New gold discoveries to extend Barrick's Ivory Coast mine operations," Barrick Gold Corp's , opens new tab Tongon mine in Ivory Coast will continue operating until at least 2030 following a significant discovery of new deposits, its director general said. The country's biggest industrial mine, located north of the port city of Abidjan, started production towards the end of 2010 and was due to close in 2020."
6,Newmont sees 'significant' shareholder value in buyout of gold rival Newcrest,"Several gold rivals have said in recent weeks they are not interested in large acquisitions, including Barrick, Gold Fields Ltd (GFIJ.J), opens new tab and Sibanye Stillwater Ltd (SSWJ.J)"
6,Barrick Announces Investment in Hercules Silver,"Barrick Gold Corporation (NYSE:GOLD)(TSX:ABX)(“Barrick”) announced today that it has agreed to subscribe for 21,265,370 units (“Units”) of Hercules Silver Corp. (“Hercules”) in a non-brokered private placement (“Private Placement”) at a price of $1.10 per Unit, for total consideration of $23,391,907. Each Unit is comprised of one common share and 0.32 of a common share purchase warrant, where each whole warrant will entitle the holder for a period of two years to acquire one Hercules common share at a price of $1.32 per common share."
6,Barrick Gold open to acquiring Newmont's share in Nevada joint venture," Barrick Gold (ABX.TO), opens new tab would be open to acquiring Newmont's minority stake in Nevada Gold Mines, a joint venture between the two gold miners majority-owned by Barrick, CEO Mark Bristow told Reuters on Wednesday"
6,Wheaton Precious Metals Announces the Acquisition of a New Silver Stream on the Mineral Park Mine,"Wheaton Precious Metals™ Corp. (""Wheaton"" or the ""Company"") is pleased to announce that its wholly-owned subsidiary, Wheaton Precious Metals International Ltd. (""WPMI"") has entered into a definitive Precious Metals Purchase Agreement (the ""Silver Stream"") with Waterton Copper Corp., a subsidiary of Waterton Copper LP (""Waterton Copper"") in respect to its 100% owned Mineral Park Mine located in Arizona, USA (the ""Project"" or ""Mineral Park"")"
6,Newmont Confirms Proposal to Combine with Newcrest," Newmont Corporation today confirmed it has submitted a non-binding proposal to acquire 100% of the issued share capital of Newcrest Mining Limited (Newcrest) by way of a scheme of arrangement. The proposed transaction would combine two of the sector’s top senior gold producers, and set the standard for sustainable and responsible gold mining."
6,Barrick Broadens Copper Base in Saudi Arabia,Barrick Gold Corporation  today signed new joint venture agreements with Ma’aden for two prospective exploration projects comprising the Jabal Sayid South and Umm Ad Damar license areas.
6,Newmont Reached a Preliminary Agreement with Peñasquito Mine’s Union,"Newmont Corporation confirms it has reached a preliminary agreement with the National Union of Mine, Metal, and Allied Workers of the Mexican Republic (the Union) aiming to end the strike initiated by the Union on June 7, 2023 at Minera Peñasquito in the Mexican state of Zacatecas."
6,Recommissioning Starts as Porgera Prepares to Resume Operations in Q1 2024," Following the formal completion of the Porgera Project Commencement Agreement today, work has started on the recommissioning of the Porgera gold mine in Papua New Guinea, which has been in care and maintenance since April 2020. This work is expected to be completed over the next few weeks, paving the way for mining and processing to restart in the first quarter of 2024."
6,Endeavour Mining expects more gold M&A,"More gold mergers and acquisitions are likely this year, Endeavour Mining CEO Sebastien de Montessus said, after Newmont’s $16.9 billion offer to buy Newcrest ramped up pressure on the sector to consider deals."
6,Pan American Silver Temporarily Suspends Operations at the La Colorada Mine,"Pan American Silver Corp. (NYSE: PAAS) (TSX: PAAS) (“Pan American”) has temporarily suspended all operating activities at its La Colorada mine in Mexico due to security concerns at the mine site and the surrounding area. In the early hours of October 5, 2023, the operation experienced an armed robbery of two trailers of concentrate. There were no physical injuries to our personnel in connection with the incident. In response to the current security situation in the area and Pan American’s priority to protect the safety and security of our personnel, Pan American has temporarily suspended operations, project work and exploration at La Colorada. The mine site is currently secure, and Pan American has activated care and maintenance activities while it works with state and federal authorities regarding this incident. The suspension will continue until Pan American determines it is appropriate to resume operation"
7,Barrick Gold to invest nearly $2 bln in Zambia mine to raise copper output,"Oct 4 (Reuters) - Barrick Gold (ABX.TO), opens new tab said on Wednesday it would invest nearly $2 billion as part of a project to increase copper production at its Lumwana mine in Zambia."
7,Barrick Keeps Key Projects On Track and Delivers Another Quarter of Improved Production and Costs,"Barrick’s Q3 results showed improved production at lower costs and confirmed its long term growth forecast. President and chief executive Mark Bristow said the Q3 performance was an improvement on the previous quarter’s and Q4 is expected to be better. Despite the projected second half improvement, gold production is forecast to be marginally below the low end of our annual guidance range. Copper is comfortably on track to meet its guidance for production and costs."
7,Kinross announces robust initial mineral resource of 2.7 Moz. indicated and 2.3 Moz. inferred for Great Bear project,"TORONTO, Feb. 13, 2023 (GLOBE NEWSWIRE) -- Kinross Gold Corporation (TSX: K, NYSE: KGC) (“Kinross” or the “Company”) is pleased to announce an initial mineral resource estimate for its 100% owned Great Bear project located in Ontario, Canada."
7,Alamos Gold Announces Appointment of Greg Fisher as Chief Financial Officer,"Alamos Gold Inc. (TSX:AGI; NYSE:AGI) (“Alamos” or the “Company”) today announced that Greg Fisher, Senior Vice President of Finance has been promoted to Chief Financial Officer effective May 1, 2023. Greg will succeed Jamie Porter who will be leaving Alamos to pursue another opportunity in the mining industry. Jamie will continue in his current capacity and help support the transition until April 28, 2023."
7,Excellent recovered grades at Harmony’s South African underground mines boost second-quarter production,"Johannesburg, 1 February 2023. Harmony is pleased to announce that total gold production for the six-month period ended 31 December 2022 of financial year 2023 (“H1FY23”) was between 720 000 ounces (22 394kg) and 745 000 ounces (23 171kg)."
7,"Barrick Gold reports higher gold, copper output for second quarter"," Canadian miner Barrick Gold (ABX.TO), opens new tab, said on Thursday its gold and copper production rose sequentially for the second quarter and that it remains on track to achieve full-year target."
7,Mali forecasts 3.5% decline in industrial gold output in 2023,"Mali expects industrial gold output to fall by about 3.5% to 63.9 tonnes in 2023 from 66.2 tonnes the previous year, the mines ministry said on Tuesday.Mali is one of Africa's top gold producers and home to industrial mines operated by companies including Barrick Gold (ABX.TO), opens new tab, B2Gold Corp (BTO.TO), opens new tab, Resolute Mining (RSG.AX), opens new tab, AngloGold Ashanti (ANGJ.J), opens new tab and Hummingbird Resources (HUMR.L)"
4,Newmont Announces Increased 2022 Mineral Reserves of 96 Million Gold Ounces and 68 Million Gold Equivalent Ounces," Newmont Corporation (NYSE: NEM, TSX: NGT) reported higher gold Mineral Reserves (""reserves"") of 96.1 million attributable ounces for 2022 compared to the Company’s 92.8 million ounces at the end of 2021. Newmont has significant upside to other metals, including more than 15 billion pounds of copper reserves and nearly 600 million ounces of silver reserves."
7,"Lower output, high costs to pressure Newmont, Barrick earnings","North American gold miners Newmont Corp (NEM.N), opens new tab and Barrick Gold Corp (ABX.TO), opens new tab are expected to post lower quarterly profits as a fall in production and higher costs offset gains from strong prices of the precious metal."
7,Barrick Reports Stronger Q4 Gold Production,"Barrick Gold Corporation (NYSE:GOLD)(TSX:ABX) (“Barrick” or the “Company”) today reported preliminary full year and fourth quarter 2022 production results. On the back of stronger Q4 production, 13% higher than the previous quarter, preliminary gold production for the full year of 4.14 million ounces was approximately 1% lower than the 4.2 million ounces1 previously guided, while preliminary copper production of 440 million pounds for 2022 was in line with the guidance range of 420 to 470 million pounds."
9,ANGLOGOLD ASHANTI ANNOUNCES CHANGES TO ITS BOARD OF DIRECTORS,"In compliance with paragraph 3.59(c) of the JSE Limited Listings Requirements, the board of AngloGold Ashanti is pleased to announce that Ms Diana Sands and Ms Jinhee Magie have been appointed as independent non-executive directors of the Company with effect from 1 June 2023. Ms Sands will serve as a member of the Remuneration and Human Resources Committee and Social, Ethics and Sustainability Committee and Ms Magie will serve as a member of the Audit and Risk Committee and Investment Committee."
9,RESIGNATION OF GROUP COMPANY SECRETARY,"In compliance with paragraph 3.59(b) of the Listings Requirements of JSE Limited, shareholders are advised that Ms Leeanne Goliath has resigned as Group Company Secretary of AngloGold Ashanti with effect from 20 July 2023 to pursue another opportunity. Ms Goliath will continue to fulfil her duties until 20 October 2023."
9,Alamos Gold Announces Results of the Annual General Meeting of Shareholders and Changes to its Board of Directors,"Alamos Gold Inc. (TSX:AGI; NYSE:AGI) (“Alamos” or the “Company”) today reported a summary of the voting results of its Annual General Meeting of Shareholders (the “Meeting”). The Company is also announcing the retirement of Kenneth Stowe from the Board of Directors, and the appointment of Shaun Usmar."
9,ANGLOGOLD ASHANTI ANNOUNCES RETIREMENT OF CHIEF OPERATING OFFICER,"AngloGold Ashanti today announced the retirement of Chief Operating Officer (COO) Ludwig Eybers in December this year. This comes after 12 years with the company, capping a nearly four-decade career in mining."
9,Newmont Announces Executive Leadership Appointments,"Newmont Corporation (NYSE: NEM, TSX: NGT) today announced leadership appointments that will further strengthen its operating model to support safe and profitable operations of the expanded portfolio of assets and projects."
9,Newmont Promotes Suzanne Retallack to Chief Safety and Sustainability Officer," Newmont Corporation (NYSE: NEM, TSX: NGT) announced today the promotion of experienced leader Suzanne Retallack as the Company’s Chief Safety and Sustainability Officer."
9,Franco-Nevada Announces Election of Directors,Franco-Nevada Corporation announced that the nominees listed in the management proxy circular for the 2023 Annual and Special Meeting of Shareholders were elected as directors of the Corporation. Detailed results of the vote for the election of directors held at the Annual Meeting yesterday in person and by webcast are set out below
9,ANGLOGOLD ASHANTI APPOINTS RICHARD JORDINSON CHIEF OPERATING OFFICER,"AngloGold Ashanti is pleased to announce the appointment of Richard Jordinson as Chief Operating Officer, with effect 1 October 2023."
9,Wheaton Precious Metals Confirm the Retirements of Eduardo Luna and John Brough from the Board of Directors,"Wheaton Precious Metals™ Corp. (""Wheaton"" or the ""Company"") announces the retirement of Mr. Eduardo Luna as part of the Company's board renewal program and the retirement of Mr. John Brough due to personal health reasons. Both directors intend to retire upon the completion of their terms at the upcoming 2023 annual general and special meeting of shareholders scheduled for May 12, 2023 (the ""Meeting"")."
9,Newmont Appoints Experienced Chief Financial Officer,"Newmont Corporation (NYSE: NEM, TSX: NGT) today announced the appointment of Karyn Ovelmen as Executive Vice President and Chief Financial Officer."
9,Wheaton Precious Metals Announces Election of Directors and Approval of Special Matters and Welcomes New Board Member,"Wheaton Precious Metals™ Corp. (""Wheaton"" or the ""Company"") announces that the nominees listed below were elected to the Board of Directors at the 2023 Annual and Special Meeting of Shareholders. Detailed results of the vote for the Board of Directors of the Company are shown below. As previously announced, Mr. Eduardo Luna and Mr. John Brough did not stand for re-election. In addition, Ms. Jeane Hull has been elected to the Board."
9,Newmont Announces Appointment of Mining Veteran Natascha Viljoen as Incoming Chief Operating Officer,"Newmont Corporation (NYSE: NEM, TSX: NGT) today announced that Natascha Viljoen will join the Company’s Executive Leadership Team as Executive Vice President and Chief Operating Officer upon completion of her notice period of up to 12 months."
10,Franco-Nevada Launches 2023 ESG Report and Asset Handbook,"Franco-Nevada Corporation (“Franco-Nevada” or the “Company”) (TSX:FNV) (NYSE:FNV) is pleased to announce publication of its 2023 ESG Report and 2023 Asset Handbook. “We are proud to report on our leading ESG approach, new programs and commitments and to provide a detailed review of our portfolio of assets,” said Paul Brink, President & CEO."
10,Wheaton Precious Metals Publishes Inaugural Climate Change Report,"Wheaton Precious Metals™ Corp. (""Wheaton"" or the ""Company"") is pleased to announce the publication of its inaugural 2022 Climate Change Report (the ""report""). The report was prepared in alignment with the recommendations of the Task Force on Climate-related Financial Disclosures (""TCFD"") and outlines how Wheaton is addressing climate change risks and opportunities and the resiliency of its portfolio to climate impacts."
10,Harmony included in the 2023 Bloomberg Gender-Equality Index for the fifth consecutive year,"Johannesburg. Tuesday, 31 January 2023. Harmony Gold Mining Company Limited (“Harmony” or the “Company”) is pleased to announce that it has been included in the 2023 Bloomberg Gender-Equality Index (GEI) for the fifth consecutive year"
10,Veladero Recognized as the First Argentine Mine to Complete the Implementation of the Towards Sustainable Mining Standard,"Veladero has become the first mine in the country to achieve compliance with the Towards Sustainable Mining (TSM) Standard, earning a special distinction from the Argentine Chamber of Mining (CAEM) during the Arminera 2023 summit, the industry's flagship event in the country."
10,Harmony reduces carbon footprint and lowers energy supply risk,"Johannesburg, Tuesday, 15 August 2023. Harmony Gold Mining Company Limited (“Harmony” and/or “the Company”) is pleased to announce that the 30 megawatt (MW) solar photovoltaic plants in the Free State have been commissioned. These plants are currently delivering green electrons to our shafts and expected to deliver approximately 70 gigawatt hours of renewable energy to Harmony’s Free State operations per annum. Phase 1 will reduce carbon dioxide emissions by approximately 65 000 tonnes in the first 12 months of operation."
10,Cobre Panama Supreme Court Update,"Franco-Nevada Corporation (“Franco-Nevada”) (TSX: FNV) (NYSE: FNV) is aware that the Supreme Court of Panama announced this morning that Law 406, the law that approved the revised concession contract for the Cobre Panama mine, is unconstitutional. Franco-Nevada is in communication with its partner First Quantum Minerals Ltd. and will provide further updates as they are available."
10,Barrick Responds to Globe and Mail Article on Payments Made by Barrick’s UK Subsidiary,"The Globe and Mail reported on payments made by Barrick’s UK subsidiary, Barrick TZ Limited, to a Tanzanian national law-enforcement task force, the NTF. The Globe and Mail’s article was based on documents that have been recently referenced in UK Court proceedings concerning claims for compensation by Tanzanian citizens arising from incidents that took place at the North Mara Mine in Tanzania between 2014 and 2019. The NTF is not a party to the UK proceedings nor is it alleged to have been involved in any of the incidents which took place at the North Mara Mine."
10,Franco-Nevada Provides Additional Update on Cobre Panama,"On January 26, 2023, the Panama Maritime Authority (the “AMP”) issued a resolution requiring the suspension of the concentrate loading operations at the Cobre Panama Port, Punta Rincón, until certification of the calibration of the scales by an accredited company had been initiated. First Quantum’s subsidiary, Minera Panama, S.A. (“MPSA”), the operator of Cobre Panama, submitted proof of the initiation of the certification process by an accredited company on February 3, 2023. Loading operations have been suspended while MPSA waits for a response from the AMP. If concentrate is not shipped by mid-February, it may be necessary for MPSA to suspend operations at Cobre Panama due to limited storage capacity on site."
10,Barrick’s Sustainable Delivery Centered on the Achievement of UN Sustainable Development Goals," Barrick Gold Corporation’s sustainability strategy is based on integrated and holistic management and aligned with the objectives of the United Nations’ Sustainable Development Goals (SDGs), that seeks to deliver outcomes that are achievable, demonstrable and align with global priorities, says president and chief executive Mark Bristow in the company’s 2022 Sustainability Report, published today"
10,Newmont Announces Canadian Competition Bureau Clearance for Acquisition of Newcrest,"Newmont Corporation today announced that the Canadian Competition Bureau issued a “no action” letter clearing Newmont’s previously announced transaction with Newcrest Mining Limited (ASX, TSX, PNGX: NCM) under Canadian competition law. Newmont is progressing towards receiving regulatory approvals in other jurisdictions for a transaction close expected in the fourth quarter."
10,Barrick Publishes GISTM TSF Disclosures," Barrick Gold Corporation today published site-level tailings storage facility (TSF) disclosures, in accordance with Principle 15 of the of the Global Industry Standard on Tailings Management (GISTM)."
10,Newmont CEO’s Statement on Pending Acquisition of Newcrest Achieving Legal Effectiveness in Australia,"Newmont Corporation’s (NYSE: NEM, TSX: NGT) President and Chief Executive Officer, Tom Palmer, today issued the following statement after the Scheme of Arrangement (“Scheme”), under which Newcrest Mining Limited (ASX, TSX, PNGX: NCM) will be acquired by Newmont, became legally effective under Australian law. This followed lodging of the orders of the Federal Court of Australia with the Australian Securities and Investments Commission after Newcrest’s shareholders voted in favor of the Scheme"
10,Cobre Panama Mining Concession Contract Enacted into Law in Panama,"Franco-Nevada Corporation  is pleased to announce that it has been advised by its partner First Quantum Minerals Ltd. (“First Quantum”) that, on October 20, 2023, Law 406, which approves the refreshed mining concession contract for the Cobre Panama mine, was enacted into law in Panama. First Quantum noted that the enactment of Law 406 marks the final step in revising the legal framework for the Cobre Panama mine."
10,Franco-Nevada Update on the Suspension of Ore Processing at Cobre Panama,"Franco-Nevada Corporation  has been advised by its partner First Quantum Minerals Ltd. (“First Quantum”) that First Quantum’s subsidiary, Minera Panama, S.A. (“MPSA”), has suspended ore processing operations at the Cobre Panama mine. As previously announced, the Panama Maritime Authority (“AMP”) issued a resolution on January 26, 2023 requiring the suspension of concentrate loading operations at the Cobre Panama Port, Punta Rincón, until certification of the calibration of the scales by an accredited company had been initiated. Key updates as reported by First Quantum include:"
10,Cobre Panama Environmental Stewardship Update,"(“First Quantum”), has provided an update in respect of its position regarding the next steps required for the responsible environmental stewardship of the Cobre Panama mine site and First Quantum’s intention to pursue all appropriate legal avenues to protect its investment and rights."
10,Newmont Announces End of Strike at Peñasquito Mine in Mexico,"Newmont focuses on a safe return-to-work plan and a quick ramp up of operations while strengthening workforce relationships. DENVER--(BUSINESS WIRE)-- Newmont Corporation (NYSE: NEM, TSX: NGT) announces it has reached a definitive agreement (“Agreement”) with the National Union of Mine, Metal, and Allied Workers of the Mexican Republic (the “Union”) to end the strike initiated by the Union on June 7, 2023, at the Company’s Peñasquito mine located in the Mexican state of Zacatecas. On October 13, 2023, Newmont and the Union submitted the Agreement to the Mexican Labor Court, which gave its approval, thus ending the strike"
10,Wheaton Precious Metals Publishes 2022 Sustainability Report Highlighting Commitment to Progress," Wheaton Precious Metals™ Corp. (""Wheaton"" or the ""Company"") is pleased to announce the publication of its 2022 Sustainability Report (the ""report"").  "
10,Alamos Gold Releases 2022 Annual ESG Report," Alamos Gold Inc. has released its annual Environmental, Social, and Governance (ESG) Report (“ESG Report”), which outlines the Company’s progress on its ESG performance in 2022 across its operations, projects and offices, and provides direction on planned initiatives for 2023."
10,Kinross releases 2022 Sustainability and ESG Report," Kinross Gold Corporation is pleased to announce the publication of its 2022 Sustainability and ESG Report (the “Report”), providing a comprehensive summary of the Company’s progress over the past year in furthering its Environmental, Social and Governance (ESG) strategy."
10,Pan American Silver Releases 2022 Sustainability Report,"Pan American Silver Corp. today released its 2022 Sustainability Report (the “Report”) describing Pan American’s approach and performance in the areas of environment, social and governance (“ESG”) in 2022. The Report also includes our 2023 goals for ESG performance. A Spanish version of the Report will be released shortly."
10,AngloGold Ashanti’s Renewable Energy Project at Tropicana to Halve Gas Consumption,"AngloGold Ashanti has taken another major step forward in its decarbonisation journey following an agreement by its subsidiary AngloGold Ashanti Australia Ltd to build one of the largest renewable energy projects in Australia’s natural resource sector, and to integrate it into the power supply for the Tropicana Gold Mine."
11,Alamos Gold Announces Significant Permitting Milestones at Lynn Lake Gold Project,"Alamos Gold Inc.  today announced that the federal Environmental Impact Assessment (“EIS”) for the Lynn Lake Gold Project (“Lynn Lake”) has been completed and a positive Decision Statement has been issued by the Minister of Environment and Climate Change Canada. As well, in accordance with the Environment Act, the Province of Manitoba has issued Environment Act Licenses for the MacLellan and Gordon sites."
6,Franco-Nevada Update on the Suspension of Ore Processing at Cobre Panama,"Franco-Nevada Corporation  has been advised by its partner First Quantum Minerals Ltd. (“First Quantum”) that First Quantum’s subsidiary, Minera Panama, S.A. (“MPSA”), has suspended ore processing operations at the Cobre Panama mine. As previously announced, the Panama Maritime Authority (“AMP”) issued a resolution on January 26, 2023 requiring the suspension of concentrate loading operations at the Cobre Panama Port, Punta Rincón, until certification of the calibration of the scales by an accredited company had been initiated. Key updates as reported by First Quantum include:"
11,Harmony’s Chairman and CEO meet with PNG Prime Minister to continue discussions on Wafi-Golpu permitting,"Harmony Gold Mining Company Limited’s (“Harmony” and/or “the Company”) Chairman, Dr Patrice Motsepe and its CEO, Peter Steenkamp met with Prime Minister James Marape on 26 July, to continue discussions on permitting the tier 1 copper-gold Wafi-Gold project in Papua New Guinea (“PNG”)."
11,Newmont Receives Clearance from Australia’s Competition Regulator to Acquire Newcrest,"Newmont Corporation today announced that following a review by the Australian Competition & Consumer Commission (ACCC), the agency has cleared the Company to proceed with its proposed acquisition of Newcrest Mining Limited (ASX, TSX, PNGX: NCM). The ACCC is expected to convey its clearance of the transaction to Australia’s Foreign Investment Review Board for consideration."
11,Franco-Nevada Provides Additional Update on Cobre Panama,"On January 26, 2023, the Panama Maritime Authority (the “AMP”) issued a resolution requiring the suspension of the concentrate loading operations at the Cobre Panama Port, Punta Rincón, until certification of the calibration of the scales by an accredited company had been initiated. First Quantum’s subsidiary, Minera Panama, S.A. (“MPSA”), the operator of Cobre Panama, submitted proof of the initiation of the certification process by an accredited company on February 3, 2023. Loading operations have been suspended while MPSA waits for a response from the AMP. If concentrate is not shipped by mid-February, it may be necessary for MPSA to suspend operations at Cobre Panama due to limited storage capacity on site."
11,Cobre Panama Mining Concession Contract Enacted into Law in Panama,"Franco-Nevada Corporation is pleased to announce that it has been advised by its partner First Quantum Minerals Ltd. (“First Quantum”) that, on October 20, 2023, Law 406, which approves the refreshed mining concession contract for the Cobre Panama mine, was enacted into law in Panama. First Quantum noted that the enactment of Law 406 marks the final step in revising the legal framework for the Cobre Panama mine."
0, ENDEAVOUR REPORTS STRONG FY-2022 RESULTS," Endeavour Mining plc is pleased to announce its FY-2022 operating and financial results, with highlights provided in Table 1 below."
8,ENDEAVOUR ACHIEVES TOP END OF FY-2022 GUIDANCE; ANNOUNCES H2-2022 DIVIDEND OF $100M,"Endeavour Mining plc  is pleased to announce its preliminary financial and operating results for the fourth quarter and full year 2022, with highlights provided in the table below."
0,ENDEAVOUR PUBLISHES 2022 ANNUAL REPORT,"Endeavour Mining plc announces that it has today published its 2022 Annual Report and audited financial statements for the financial year ended 31 December 2022, which is available on the Company's website at the following link."
2,ENDEAVOUR ANNOUNCES RENEWAL OF NORMAL COURSE ISSUER BID,"Endeavour Mining plchas received approval from the Toronto Stock Exchange (“TSX”) to renew its Normal Course Issuer Bid (“NCIB”) for its share repurchase programme, in order to continue to supplement its minimum progressive dividend."
10,ENDEAVOUR PUBLISHES 2022 SUSTAINABILITY REPORT,"Endeavour Mining plc is pleased to announce the publication of its 2022 Sustainability Report (“the Report”) with key environmental, social and governance (“ESG”) highlights presented in Table 1 below. "
7,ENDEAVOUR ANNOUNCES THE SALE OF ITS NON-CORE BOUNGOU AND WAHGNION MINES," Endeavour Mining plcis pleased to announce that it has today closed the sale of its 90% interests in its Boungou and Wahgnion non-core mines in Burkina Faso (the “Agreement”) to Lilium Mining, a subsidiary of Lilium Capital, an African and frontier markets focused strategic investment vehicle led by West African entrepreneurs. The total consideration is expected to exceed $300 million and is comprised of upfront and deferred cash considerations and net smelter return royalties (“NSR”), as detailed below"
0,Endeavour Reports Q2-2023 Results,Endeavour Reports Q2-2023 Results
3,Pan American Silver Announces Results of Annual General and Special Meeting,"Pan American Silver Corp. reported the voting results from its annual general and special meeting of shareholders held on May 10, 2023, in Vancouver, British Columbia (the “Meeting”). Each of the matters voted upon at the Meeting are described in detail in the Company’s Management Information Circular dated March 17, 2023"
3,AGNICO EAGLE ANNOUNCES ELECTION OF DIRECTORS,"Agnico Eagle Mines Limited today announced that, at the annual and special meeting of shareholders held on April 28, 2023 (the ""Meeting""), the eleven candidates presented as nominees to the board of directors at the Meeting were duly elected as directors of Agnico Eagle."
3,Alamos Gold Announces Results of the Annual General Meeting of Shareholders and Changes to its Board of Directors,"Alamos Gold Inc. today reported a summary of the voting results of its Annual General Meeting of Shareholders (the “Meeting”). The Company is also announcing the retirement of Kenneth Stowe from the Board of Directors, and the appointment of Shaun Usmar."
3,Results of Harmony’s 2023 Annual General Meeting," Harmony Gold Mining Company Limited advises shareholders that, at Harmony’s electronic annual general meeting held today, the requisite majority of shareholders approved all the ordinary and special resolutions, as set out in the notice of annual general meeting dated 25 October 2023, forming part of the Company’s 2023 report to shareholders and integrated annual report."
3,OSISKO ANNOUNCES RESULTS OF ANNUAL AND SPECIAL MEETING OF SHAREHOLDERS," Osisko Mining Inc. is pleased to announce the results of its annual and special meeting of shareholders (the “Meeting“) held earlier today. A total of 291,356,722 common shares of the Corporation were represented at the Meeting, representing approximately 75.9% of the total number of common shares of the Corporation issued and outstanding."
3,Eldorado Gold Announces Election of Directors and Voting Results from Annual Meeting of Shareholders,"Eldorado Gold Corporation (“Eldorado” or “the Company”) is pleased to announce that all director nominees, as listed in the Management Proxy Circular dated April 24, 2023, were elected as directors of Eldorado at the Company’s Annual Meeting of Shareholders (the “Meeting”) held on June 8, 2023."
3,IAMGOLD Announces Results of Annual Meeting of Shareholders,"IAMGOLD Corporation announces the voting results from the Company's Annual Meeting of Shareholders (the ""Meeting"") held Thursday, May 11, 2023. A summary of the results are as follows:"
3,Equinox Gold Announces Results from Annual General Meeting,"Equinox Gold Corp.  is pleased to announce that Equinox Gold shareholders approved all matters voted on at the annual general meeting held earlier today, including the election of management’s director nominees, the appointment of KPMG LLP as the Company’s independent auditor, and acceptance of the Company’s approach to executive compensation."
3,Orla Mining Reports Voting Results of Annual Shareholder Meeting,"Orla is pleased to report the voting results for the election of its Board of Directors, which took place at the Company’s Annual General and Special Meeting of Shareholders (“AGM”) held today. All nominees, as set forth in the Company’s Management Information Circular dated May 11, 2023 (“Circular”), were elected as directors of Orla at the AGM. Detailed results of the votes are set out below:"
3,Sandstorm Gold Royalties Announces Voting Results from 2023 Annual Shareholder Meeting and Renews ATM Program,Sandstorm Gold Ltd.is pleased to provide the voting results from the Company’s Annual General Meeting of Shareholders (the “Meeting”) and announce the renewal of the Company’s at-the-market equity program.
3,Centerra Gold Announces Results of 2023 Annual and Special Meeting of Shareholders ,"Centerra Gold Inc. is pleased to announce the results of its 2023 Annual and Special Meeting of Shareholders (the “Meeting”) held on May 9, 2023. A total of 218,703,496 shares, representing 70.95% of common shares issued and outstanding, were represented at the Meeting. Detailed voting results are outlined below."
24,"Gold price jumps past $2,000 as Israel-Hamas clash raises haven allure","Gold surged above $2,000 an ounce for the first time since May as concerns over conflict in the Middle East outweigh the impact of the recent jump in bond yields.Spot gold rose as much as 1.2% after Israel’s military said it was “expanding ground activity” in Gaza, putting the metal on course for the biggest monthly gain since July 2020. Prices touched an all-time high of $2,075.47 in 2020."
24,"Gold price nearing $2,000/oz as Middle East turmoil feeds safe haven demand","Gold price nearing $2,000/oz as Middle East turmoil feeds safe haven demand"
24,"Gold price could see new highs if Middle East conflict worsens, says Newmont CEO","Gold prices could well reach new record highs soon should the Hamas-Israel war continue to intensify, according to the world’s biggest gold miner’s chief executive Tom Palmer."
24,"Gold price stays near five-month high with Middle East conflict, US data in focus","Gold rebounded from an earlier week dip on Wednesday, as the safe-haven metal continues to be buoyed by the conflict in Middle East that looks to be far from resolved."
24,Gold price rises to 11-week high on escalating Middle East conflict,Gold jumped to its highest level since the beginning of August on Wednesday as the escalating conflict in the Middle East sent investors flocking towards the safe-haven metal.
24,"Israel’s ‘Black Sabbath’: Murder, Sexual Violence and Torture on Oct. 7",
24,Israel Expands Operations in Southern Gaza Amid Worsening Humanitarian Crisis,"Israeli forces expanded their military operations in the southern Gaza city of Khan Younis, intensifying efforts to kill Hamas’s top leadership, as aid agencies said the areas to which Israel has directed Palestinians to evacuate were increasingly overcrowded, short on resources and hit by Israeli strikes."
2,A quarterly dividend of $0.40 per share has been declared,"Agnico Eagle's Board of Directors has declared a quarterly cash dividend of $0.40 per common share, payable on December 15, 2023 to shareholders of record as of December 1, 2023. Agnico Eagle has declared a cash dividend every year since 1983."
2,"A cash dividend of $0.10 per common share with respect to Q3 2023 was declared on November 7, 2023, payable on or about December 1, 2023, to holders of record of Pan American’s common shares as of the close of markets on November 20, 2023. For the nine-months ended September 30, 2023, the Company paid cash dividends totaling $94.0 million. The dividends are eligible dividends for Canadian income tax purposes.","A cash dividend of $0.10 per common share with respect to Q3 2023 was declared on November 7, 2023, payable on or about December 1, 2023, to holders of record of Pan American’s common shares as of the close of markets on November 20, 2023. For the nine-months ended September 30, 2023, the Company paid cash dividends totaling $94.0 million. The dividends are eligible dividends for Canadian income tax purposes."
2,Sandstorm Gold Royalties Declares Dividend for First Quarter 2024,"Sandstorm Gold Ltd. (“Sandstorm Gold Royalties”, “Sandstorm” or the “Company”) (NYSE: SAND, TSX: SSL) is pleased to announce that its Board of Directors has declared the Company’s first quarterly cash dividend for 2024 in the amount of C$0.02 per common share to shareholders of record as of the close of business on January 16, 2024. The dividend will be paid on January 26, 2024. The dividend qualifies as an “eligible dividend” as defined in the Income Tax Act (Canada)."
2,Centerra Gold Announces Quarterly Dividend of C$0.07 per Common Share,Centerra Gold Announces Quarterly Dividend of C$0.07 per Common Share
10,Coeur Publishes 2022 ESG Report,"Coeur Mining, Inc. (“Coeur” or the “Company”) (NYSE: CDE) today published its 2022 ESG Report (the “Report”), highlighting the Company’s efforts to advance its environmental, social and governance practices and its responsible mining operations. The Report details Coeur’s public targets, best-in-class corporate governance practices and positive environmental and social impacts aligned with generating long-term value for stockholders."
9,IAMGOLD Appoints Bruno Lemelin as Chief Operating Officer,"IAMGOLD Corporation (TSX: IMG) (NYSE: IAG) (""IAMGOLD"" or the ""Company"") is pleased to announce that Mr. Bruno Lemelin has been appointed to the role of Chief Operating Officer effective immediately."
9,IAMGOLD Announces Director Retirement and Appointment of David Smith as Chair of the Board," IAMGOLD Corporation (TSX: IMG) (NYSE: IAG) (""IAMGOLD"" or the ""Company"") announced today that Maryse Bélanger has retired from the Company's Board of Directors (the ""Board"") for personal reasons and other commitments. Immediately following Ms. Bélanger's retirement, the Board has appointed David Smith to serve as Chair of the Board"
9,IAMGOLD Announces Appointment of Audra Walsh to The Board of Directors,"IAMGOLD Corporation (TSX: IMG) (NYSE: IAG) (""IAMGOLD"" or the ""Company"") today announced that Ms. Audra Walsh has been appointed to the Company's board of directors effective immediately."
9,Orla Mining Appoints Rob Krcmarov to its Board of Directors,(“Orla” or the “Company”) is pleased to announce the appointment of Mr. Rob Krcmarov as an independent Director of the Company effective immediately.
1,Orla Mining Amends Credit Facility,"(“Orla” or the “Company”) is pleased to announce that the Company has amended its existing US$150 million credit facility (the “Amended Credit Facility”) with its existing syndicate of lenders comprised of The Bank of Nova Scotia , Bank of Montreal , and Canadian Imperial Bank of Commerce. The Amended Credit Facility consists of a US$150 million revolving term facility."
9, (NYSE: ORLA) (“Orla” or the “Company”) is pleased to provide an update on its exploration activities on its South Railroad Project (“South Railroad” or “the project”) in 2022 and an overview of exploration plans for 2023 in Nevada, (NYSE: ORLA) (“Orla” or the “Company”) is pleased to provide an update on its exploration activities on its South Railroad Project (“South Railroad” or “the project”) in 2022 and an overview of exploration plans for 2023 in Nevada
6,Completion of the acquisition of the Bilboes gold project in Zimbabwe,"Caledonia Mining Corporation Plc (""Caledonia"" or the ""Company"") is pleased to announce that, following the satisfaction of conditions precedent, it has today completed the acquisition of Bilboes Gold Limited, the parent company which owns, through its Zimbabwe subsidiary, Bilboes Holdings (Private) Limited (""Bilboes Holdings""), the Bilboes gold project in Zimbabwe (""Bilboes"" or the ""Project"").  Please refer to Caledonia's announcement on July, 21 2022 for further details of the Project and the Transaction."
0,"Results for the Quarter ended March 31, 2023","Caledonia Mining Corporation Plc (""Caledonia"" or the ""Company"") announces its operating and financial results for the quarter ended March 31, 2023 (the ""Quarter"").  Further information on the financial and operating results for the Quarter can be found in the Management Discussion and Analysis (""MD&A"") and the unaudited interim financial statements which are available on the Company's website and which have been filed on SEDAR. "
1,Result of Placing,"Caledonia Mining Corporation Plc (""Caledonia"" or the ""Company"") is pleased to announce that, further to the announcement made at 7.05 a.m. today regarding the Fundraise (the ""Launch Announcement""), it has raised, subject to certain conditions, approximately £8.7 million (approximately US$10.6 million) before expenses under the Placing. The Placing received strong support from new and existing institutional investors. As announced in the Launch Announcement, it is expected that the Zimbabwe Placing will remain open until 12.00 p.m. on 31 March 2023 and a further announcement will be made in respect thereof in due course."
9,Osisko Board update, Osisko Gold Royalties Ltd (“Osisko” or the “Corporation”) (TSX and NYSE: OR) announced today that Mr. Sean Roosen has resigned as a director of the Corporation in order to focus all of his time and attention on his role as Chief Executive Officer and Chair of the Board of Directors of Osisko Development Corp.
2,Osisko Reports Q3 2023 Results,"Quarterly dividend of $0.06 per common share paid on October 16, 2023 to shareholders of record as of the close of business on September 29, 2023."
10,Osisko Publishes 2023 Asset Handbook Along With 2022 Sustainability Report,"Osisko Gold Royalties Ltd (the “Corporation” or “Osisko”) (OR: TSX & NYSE) is pleased to announce the publication of its annual Asset Handbook and the third edition of the Corporation’s Sustainability Report, Growing Responsibly"
2,Osisko Declares a 9% Increase in Quarterly Dividend,"Osisko Gold Royalties Ltd (the “Company” or “Osisko”) (OR: TSX & NYSE) is pleased to announce a second quarter 2023 dividend of C$0.060 per common share, a 9.1% increase over the first quarter of 2023, for an annualized dividend of $0.24 per share. The dividend will be paid on July 14, 2023 to shareholders of record as of the close of business on June 30, 2023. This dividend is an “eligible dividend” as defined in the Income Tax Act (Canada)."
6,Contango Completes Acquisition of HighGold,"Contango ORE, Inc. (NYSE American: CTGO) (“Contango” or the “Company”) and HighGold Mining Inc. (TSX-V:HIGH, OTCQX:HGMIF) (“HighGold”) are pleased to announce that Contango has completed its acquisition of HighGold (the “Acquisition”) by way of a court approved plan of arrangement under the Business Corporations Act (British Columbia) (the “BCBCA”). The Acquisition was overwhelmingly approved by HighGold securityholders in accordance with the requirements of the BCBCA at a special meeting of HighGold securityholders held on June 27, 2024, and was subsequently approved by the Supreme Court of British Columbia on July 2, 2024"
1,Contango ORE Announces Pricing of $15 Million Underwritten Public Offering,"Contango ORE, Inc. (""Contango"" or the ""Company"") (NYSE American: CTGO), today announced the pricing of its previously announced underwritten public offering (the ""Offering"") of 731,750 units (the ""Units"") of the Company at a price of $20.50 per Unit. Each Unit consists of (i) one share of the Company’s common stock and (ii) one-half of one accompanying warrant. Each whole accompanying warrant is exercisable to purchase one share of the Company’s common stock at a price of $26.00 per warrant, exercisable for a period of 36 months. The shares of common stock and warrants will be issued separately but can only be purchased together in the Offering. All of the Units in the Offering are to be sold by Contango."
3,"CONTANGO ORE, INC. Announces Results of the 2023 Virtual Annual Meeting of Stockholders and Results for the Quarter Ended September 30, 2023","Contango ORE, Inc. (""Contango"" or the ""Company"") (NYSE American: CTGO) announced today that the Company held its annual meeting of stockholders on November 14, 2023 and the following directors were elected to serve until the 2024 annual meeting of stockholders:"
